brand_id,brand_name,brewery_id
1,新十津川,1
2,男山,2
3,大雪乃蔵,3
4,宝川,4
5,亀甲蔵,4
7,北の誉,3
8,風のささやき,6
9,えぞ乃熊,6
10,国士無双,6
11,北の錦,7
12,陸奥八仙,10
14,杉玉,12
15,由利正宗,51
16,蔵物語,14
17,八鶴,14
18,駒泉,15
19,田酒,16
20,喜久泉,16
21,善知鳥,16
22,玉垂,18
23,菊駒,19
24,涼霞,21
25,白樺凛,21
26,鐵の道,21
27,福来,21
28,浜千鳥,22
29,ゆめほなみ,22
30,自然流,22
31,堀の井,24
32,南部美人,25
34,あさ開,26
35,白雲,27
37,菱屋,29
38,龍泉八重桜,30
39,火の鳥,30
41,菊の司,32
42,七福神,32
43,月の輪,33
44,澤乃泉,34
45,橘屋,35
46,真鶴,36
47,栗駒山,37
48,荒雄,38
49,墨廼江,39
51,日高見,40
53,天上夢幻,41
54,獨眼龍政宗,41
55,夢幻,41
56,愛宕の桜,42
57,愛宕の松,42
58,伯楽星,42
59,あたごのまつ,42
60,勝山,43
61,戦勝政宗,43
62,日輪田,44
63,萩の鶴,44
64,萩野,44
65,大和伝,45
66,蒼天伝,46
67,伏見男山,46
68,雪の松島,47
69,別格,48
70,蔵の華,48
71,浦霞,49
72,天寿,50
73,雪の茅舎,51
74,斎称,51
75,穂月,52
76,李空,52
77,太平山,52
78,天の戸,53
79,秋田晴,54
80,酔楽天,54
81,高清水,56
82,奥清水,57
83,福小町,58
84,喜一郎の酒,59
85,喜三郎の酒,59
86,亀の舞,59
87,能代,59
88,銀鱗,60
89,北秋田,61
90,小天狗,61
91,田从,62
92,ゆきの美人,63
93,竿灯,63
95,八重寿,64
96,阿櫻,66
97,両関,67
98,飛良泉,68
99,晴田,69
100,刈穂,69
101,出羽鶴,69
102,まんさくの花,70
103,紅まんさく,70
104,秀よし,71
106,白瀑,72
107,春霞,73
108,千歳盛,74
109,新政,76
111,唐獅子,77
112,牡丹,77
113,爛漫,77
114,一白水成,78
115,侍士の門,79
116,鯉川,79
117,羽陽男山,80
118,羽陽錦爛,81
119,大山,82
120,楯野川,83
121,上喜元,84
122,澤正宗,85
123,誉小桜,86
124,惣邑,86
125,惣右衛門,86
128,三十六人衆,87
129,出羽の里,87
130,相模大山,87
131,銀嶺月山,88
132,銀嶺,88
135,出羽桜,89
137,あら玉,90
138,奥羽自慢,91
139,羽前白梅,92
140,東北泉,93
141,住吉,94
142,樽平,94
143,花羽陽,95
144,十四代,96
145,朝日鷹,96
146,一献,97
147,霞城寿,99
148,白露垂珠,100
149,山形正宗,101
150,酔芙蓉,101
151,鶴翔,102
152,まほろば,102
153,輝ら星の如く,103
154,庄五郎,104
155,秀鳳,104
156,くどき上手,105
157,秘めごと,106
158,東光,108
159,六歌仙,109
161,ひととき,109
162,山法師,109
163,杉勇,111
164,出羽ノ雪,112
165,和田来,112
166,清泉川,113
167,いなほ,114
168,辯天,115
169,酒中楽康,115
170,富久鶴,116
171,雅山流,116
172,鶴水,118
173,花春,118
174,大七,119
175,真桜,119
176,八重の休日,119
177,会津流,120
178,千駒,121
179,十八代,123
182,のんでみやがれ,124
183,名倉山,125
184,会津の八重,125
185,天明,126
186,あけぼの,126
187,一生青春,126
188,会津中将,127
189,夢そうま,128
190,ゴールド人気,128
191,人気一,128
194,榮川,131
195,榮四郎,131
196,雷神光,131
198,奥会津,133
199,大和川,133
201,金澤屋,134
202,飛露喜,135
203,東豊国,136
204,真実,137
205,学十郎,137
206,夫婦さくら,137
207,夢の香,137
208,豊国,137
209,磐城壽,138
210,末廣,139
211,太平櫻,140
212,花泉,141
213,奥の松,142
214,開当男山,143
215,夢の香,143
216,田島,144
217,会津,144
218,会津の八重,146
219,自然郷,148
220,自然郷さわやか,148
221,会津ほまれ,149
222,奈良萬,150
223,夢心,150
224,笹正宗,151
225,郷乃譽,152
226,霞山,152
227,郷乃誉,152
228,霧筑波,153
229,渡舟,154
230,太平海,154
231,筑西,157
232,来福,157
233,大観,159
234,一人娘,160
235,つくばの紅梅一輪,161
236,白菊,161
237,富士泉,162
238,なごやか,163
239,ひたち錦,163
240,道春,163
241,徳正宗,166
242,副将軍,167
243,歳壽,168
245,酔鶴,168
246,筑波,168
247,白鹿,168
248,花の井,169
249,若駒,171
250,四季桜,173
251,澤姫,174
252,若盛,176
253,大那,177
254,天鷹,178
255,開華,179
256,雄東,180
257,七水,182
258,鳳凰美田,183
259,惣誉,184
260,堀越二郎,185
261,初しぼり,185
262,いわお,185
263,秋上がり,185
264,舞風,185
265,桂川,186
266,浅間山,187
267,群馬泉,188
268,誉国光,189
269,つぼみ,189
270,赤城山,190
271,尾瀬の酒,191
272,水芭蕉,191
273,谷川岳,191
274,武尊の雪,191
275,榛名山,193
276,大盃,193
277,夢二物語,193
278,若水,194
279,かかあ天下,194
280,亭主関白,194
281,清りょう,194
282,妙義山,195
283,鳳凰聖徳,195
284,貴娘,196
285,船尾瀧,197
286,左大臣,198
287,尾瀬の雪どけ,199
288,分福,200
289,小鳥のさえずり,202
290,神亀,202
291,ひこ孫,202
293,米一途,205
294,菊泉,206
295,直実,207
296,秩父小次郎,208
297,あの花,211
299,武甲正宗,211
300,日本橋,213
301,越生梅林,214
302,勘三郎,215
303,梅一輪,216
304,鹿野山,217
305,五人娘,218
306,峰の精,219
307,腰古井,220
308,岩の井,221
309,福祝,222
310,木戸泉,223
311,仁勇,224
312,不動,224
313,田むら,225
314,嘉泉,225
316,丸眞正宗,226
317,多満自慢,228
318,たまの慶,228
320,澤乃井,229
321,蒼天,229
322,茜さす,992
323,いづみ橋,231
324,相模灘,232
325,白笹鼓,233
326,昇龍蓬莱,235
327,丹沢山,237
328,越乃白雁,238
329,ほまれ麒麟,239
330,麒麟,239
331,雪の八海,240
332,北乃風雪,240
333,越乃潟舟,241
334,かたふね,241
335,北雪,242
336,白瀧,243
337,上善如水,243
338,真吾の一本,243
339,湊屋藤助,243
340,魚沼,243
341,越の初梅,244
342,田友,244
343,雪鶴,245
344,鶴齢,246
345,雪男,246
347,越乃景虎,247
348,めぞん一刻,248
349,有りがたし,249
350,佐渡,250
351,越の関,252
352,千の風,252
353,雪影,253
354,越後杜氏,253
355,甘雨,255
356,越後屋,256
357,越の華,257
358,越の魂,258
359,大洋盛,258
360,北翔,258
361,極上吉乃川,259
363,越の誉,261
364,越路吹雪,262
365,白露,262
366,新潟小町,262
367,水の柳都,262
368,舞鶴,263
369,霧の塔,265
370,越乃雪月花,266
371,妙高山,266
372,越後桜,267
373,越冬匠蔵,267
374,雪中梅,268
375,亀の尾,269
376,米百俵,270
377,越乃梅里,271
378,嘉山,271
379,宝山,272
380,八海山,273
381,氷室点前,274
382,良寛,274
383,越の雄町,274
384,越乃寒梅,275
385,めだかの宿,276
387,越の寒中梅,276
388,旨口長さん,276
389,長者盛,276
390,雪輪文,276
391,群亀,278
392,越後長岡藩,278
393,越の鶴,279
394,雪乃,280
395,雪ほたる,280
396,雪乃蔵,280
397,お福正宗,281
398,越乃一本〆,281
399,謙信,282
400,天福,283
401,千代の光,283
402,越後平野,284
403,高千代,285
404,能鷹,286
405,吟田川,287
406,越乃雪椿,288
407,萬寿鏡,289
408,和楽互尊,290
409,越の白鳥,291
410,〆張鶴,292
411,長陵,293
412,八一,293
413,壺中天地,293
414,米袋,294
415,市島,295
416,王紋,295
417,招福神,296
418,ラッキーキャッツ,296
419,越後鶴亀,296
420,越後,297
421,想天坊,297
422,福扇,297
423,越乃柏露,298
424,柏露,298
425,真野鶴,299
426,緑川,300
427,根知男山,301
428,天神囃子,302
429,目黒五郎助,303
430,越後杜氏の里,304
431,久保田,305
432,朝日山,305
433,洗心,305
434,越州,305
435,越乃かぎろひ,305
436,峰乃白梅,1596
437,菊水,308
438,鶴の友,309
439,代々泉,310
440,越のあじわい,310
441,虎千代,310
442,麒麟山,311
443,亀の翁,312
444,清泉,312
445,夏子物語,312
446,幻の瀧,313
447,皇国晴,313
448,名水乃蔵,313
449,巌瀬,313
450,北洋,314
451,越中懐古,314
452,風の盆,315
453,富美菊,316
454,羽根屋,316
455,よしのとも,317
456,黒部峡,318
457,三笑楽,319
458,銀嶺立山,320
459,成政,321
460,有磯,322
461,播州,323
463,銀盤,323
464,若鶴,324
465,満寿泉,325
466,深山流水,327
467,関白,327
468,五凛,328
469,天狗舞,328
470,手取川,329
471,朱鷺の里,330
472,竹葉,332
473,遊穂,333
474,ほまれ,333
475,宗玄,334
476,常きげん,335
477,長生舞,336
478,獅子の里,337
479,日榮,338
480,萬歳楽,339
481,神泉,340
482,十代目,341
483,雪月花の舞,341
486,先一杯,342
487,小松人,343
488,福正宗,344
490,黒帯,344
491,加賀鳶,344
492,風よ水よ人よ,344
493,加賀鶴,345
494,越前国府,346
495,華燭,346
496,富久駒,347
497,白岳仙,348
498,早瀬浦,349
499,鳥浜,350
500,雪きらら,351
501,百貴船,351
502,福千歳,352
503,鳴り瓢,353
504,七ツ星,354
505,わかさ,355
506,舞美人,356
507,飛鳥井,357
508,北の庄,359
509,富成喜,359
510,越の鷹,360
511,越の桂月,361
512,一乃谷,363
513,一本義,364
514,常山,366
515,羽二重正宗,366
516,越山若水,366
517,雲乃井,367
518,越前菊水,368
519,越前岬,368
520,関西,369
521,月丸,370
522,黒龍,371
523,九頭龍,371
524,花垣,372
525,富士の関,374
527,無心,375
528,春夏秋雪,375
529,酒屋千流,376
530,寿喜娘,376
531,白龍,377
532,春鶯囀,378
533,笹一,379
534,腕相撲,380
535,七賢,381
536,酔園,382
537,明鏡止水,383
538,澤の花,384
539,金蘭,385
540,不滅の巨人,385
541,七笑,386
542,川中島,387
543,竹雀,915
544,黒松仙醸,389
545,仙人蔵,389
546,聖岳,390
547,木曽の桟,391
548,井乃頭,392
549,和和和,393
550,和田龍,394
551,真澄,395
552,山花,395
553,菊秀,396
554,壬辰,397
555,大信州,398
556,白馬錦,399
557,斬九郎,400
558,信濃錦,400
559,豊賀,401
560,渓流,402
561,神渡,403
562,福源,404
563,安曇野,404
564,福耳,404
565,北アルプス,404
566,中乗さん,405
567,一滴二滴,407
568,聖山,408
569,姨捨,408
570,今錦,409
571,諏訪の桜,410
572,御湖鶴,1854
573,美濃菊,411
574,醴泉,411
575,三千櫻,412
576,久寿玉,414
577,山車,416
578,花美蔵,417
579,美濃天狗,418
580,ひだほまれ,420
581,天領,420
582,天のしずく,420
583,白川郷,421
584,鯨波,422
585,森乃菊川,423
586,篝火,423
587,白真弓,424
588,奥飛騨,425
589,小左衛門,426
590,房島屋,427
591,三千盛,428
595,蓬莱,431
596,御代櫻,432
598,百春,434
599,山笑,435
600,鬼ころし,436
602,駿州中屋,438
603,伊豆,439
604,大沢里,439
605,萬耀,439
606,志太泉,440
607,磯自慢,441
608,臥龍梅,442
609,喜久酔,443
611,正雪,445
612,富士山,446
613,白糸,446
614,杉錦,448
615,花の舞,450
617,開運,451
618,初亀,452
619,雫原酒,453
620,金盃,453
621,山崎醸,453
622,西尾鶴城六万石,453
623,孝の司,455
624,朝日嶽,456
625,國盛,457
626,醸し人九平次,458
627,白老,459
628,義侠,461
630,一念不動,462
631,設楽,462
632,蓬莱泉,462
633,四天王,463
634,いっこく,463
635,金鯱,464
636,四海王,467
637,東龍,468
638,東春,468
639,ほしいずみ,469
640,三重の寒梅,470
641,きげんよし,471
642,天慶,472
643,田光,474
644,黒松翁,475
645,半蔵,476
648,鈴鹿川,835
650,丿貫,479
651,妙の華,480
652,るみ子の酒,480
653,酒屋八兵衛,481
654,天遊琳,482
655,瀧自慢,483
656,噴井,484
657,あげうま,486
658,宮の雪,487
659,勘兵衛,487
660,而今,488
661,初日,489
662,富士の光,490
663,真秀,491
664,義左衛門,491
665,忍者,491
666,伊勢詣,491
667,若戎,491
668,七本鎗,492
669,喜楽長,494
670,権座,494
671,三連星,495
672,笑四季,496
673,浪乃音,497
674,近江万葉,498
675,御代栄,499
676,不老泉,500
677,屋号,501
678,長寿,501
679,梅のいおり,501
680,萩乃露,508
681,松の花,509
682,竹生島,510
683,豊祝,511
684,ふり袖,513
685,アンテック,513
686,富翁,513
687,乾風,513
688,祇園小町,513
689,金瓢,514
690,京千歳,514
691,富士千歳,514
692,祇園ばやし,514
693,抱腹絶倒,515
694,月の桂,515
695,平安京,515
696,玉川,516
697,人喰い岩,516
698,白糸,517
699,招徳,518
700,慶長,519
701,京姫,520
702,都鶴,522
703,桃の滴,523
704,澤屋まつもと,523
705,日出盛,523
706,呑足味知,523
707,玉乃光,524
708,こころの京,524
709,松竹梅,525
711,鳳麟,526
712,恒の月,526
713,ヌーベル月桂冠,526
714,京都五山の四季,527
715,古都の雫,527
716,鶴正宗,527
717,徳次郎,528
718,城陽,528
719,酒呑童子,529
720,香田,529
721,池雲,530
722,赤煉瓦倉庫群,530
723,引揚の郷,530
724,いのり,530
725,紅白梅,530
726,水天一碧,531
727,古都千年,531
728,英勲,531
729,井筒屋伊兵衛,531
730,一吟,531
731,神聖,532
732,金閣,533
733,京乃寒梅,533
734,平安のしらべ,533
735,祝瓢,534
736,古都,535
737,聚楽第,535
738,聚楽菊,535
739,西陣,535
740,美しい鴨川,535
741,まるたけえびす,535
742,坤滴,536
743,六玄,536
744,京の春,537
745,謹製,538
746,西條鶴,539
747,天野酒,539
750,本丸,540
751,千秋,542
752,秋鹿,542
753,美人蔵部,546
754,名刀正宗,547
755,竹泉,548
756,白鷹,552
757,千姫,554
758,播州姫路,554
759,都美人,555
760,播州一献,556
761,丹波美酒,559
762,小鼓,559
763,貴仙寿,560
764,龍力,562
765,白雪,563
766,剣菱,564
767,神鷹,565
768,惣花,567
769,福寿,568
770,だんない,569
771,雪彦山,571
772,黒松白鹿,572
774,白鶴,574
775,鶴の舞,576
776,酒道粋人,576
777,春秀,576
778,焼稀,577
779,宮水の華,577
780,朱稀,577
781,金稀,577
782,平清盛絵巻,577
783,奥播磨,580
785,猩々,581
786,白檮,584
787,利兵衞,584
788,御代菊,584
789,百楽門,585
790,歓喜光,586
791,大和の国,587
792,風の森,589
793,花巴,590
794,黒松貴仙寿,592
795,九々鱗,594
796,稲の国の稲の酒,594
797,長龍,594
799,千代,596
801,八咫烏,597
803,風香,598
804,山香,598
805,梅乃宿,598
806,金鼓,599
807,大倉,599
809,三諸杉,600
811,春鹿,601
812,太平洋,602
813,熊野那智の滝,602
814,熊野三山,602
815,南方,603
816,熊楠,603
817,紀州,603
818,紀州五十五万石,603
819,紀土,604
822,羅生門,606
823,七人の侍,606
824,鳳凰,606
825,熊野路,607
826,吉宗,607
827,天長,607
828,世界王,607
829,八代将軍,607
830,黒牛,608
831,日本城,609
832,福寿海,610
833,いなば鶴,610
834,日置桜,611
835,辨天娘,613
836,いなたひめ,614
837,千代むすび,616
838,鷹勇,617
839,諏訪泉,618
840,豊の秋,620
841,扶桑鶴,621
842,宗味,623
843,都錦,624
844,出雲富士,627
845,國暉,628
846,李白,629
848,月山,630
849,伊七,633
850,備前伊七,633
851,櫻室町,635
852,三冠,638
853,大典白菊,639
854,喜平,640
855,ことのわ,642
856,倉敷,642
857,おかやま,643
858,極聖,643
859,燦然,646
860,倉敷小町,646
861,炭屋彌兵衛,647
862,嘉美心,648
863,天寶一,651
864,旭鳳,652
865,賀茂泉,653
866,美和桜,655
867,龍勢,657
868,一代,658
869,賀茂鶴,659
870,金泉,660
871,雨後の月,660
872,富久長,661
873,幻,662
874,誠鏡,662
875,酔心,665
876,白牡丹,666
877,賀茂金秀,667
878,こわっぱ,668
879,瑞冠,668
880,竹鶴,669
881,雁木,672
882,金冠黒松,674
883,長陽福娘,675
884,東洋美人,676
885,五橋,677
886,宝船,678
887,獺祭,679
888,山頭火,681
889,山猿,682
890,鳴門鯛,683
891,司菊,684
892,芳水,685
893,阿波踊,687
894,瓢太閤,688
895,阿波太閤,688
896,三芳菊,689
897,月中天,691
899,金陵,691
900,悪乃代官,692
901,悦凱陣,693
902,雪雀,694
903,媛番長,695
904,寿喜心,695
905,久米の井,696
906,伊予賀儀屋,698
907,御代栄,698
908,千鳥,700
909,花神,700
910,媛の愛,700
911,城川郷,701
912,日本心,702
913,石鎚正宗,703
914,石鎚,703
915,華姫桜,704
916,初雪盃,705
917,山丹正宗,706
918,龍燈普照,707
919,伊予の燗酒,707
920,長谷川,707
921,女のひとりごと,707
923,京ひな,707
924,滄洲,707
925,千代の亀,708
926,酒仙栄光,709
928,道後蔵酒,711
929,梅錦,713
930,糀おしろい,714
931,文佳人,714
932,亀泉,716
933,酔鯨,717
934,司牡丹,719
935,久礼,720
936,土佐しらぎく,721
937,玉の井,722
938,安芸虎,724
939,赤野,724
940,土佐鶴,725
941,菊水,726
942,龍馬,726
944,四万十川,726
945,美丈夫,727
946,蜻蛉,729
947,蒲公英,729
948,白糸,730
949,一鳥万宝,731
950,皿倉,733
951,天心,733
952,池亀,735
953,美田,736
954,三井の寿,736
955,栄田,736
956,蒼田,737
957,寒山水,737
958,綾花,738
959,旭菊,738
960,庭のうぐいす,740
961,国の寿,742
962,国菊,743
963,独楽蔵,744
964,繁桝,745
965,初吉野,746
966,東鶴,748
967,純天山,750
968,七田,750
969,金波,751
970,東一,752
971,能登末廣,1691
972,幸姫,754
973,天吹,756
974,古伊万里,757
975,鍋島,758
979,雲仙,760
980,美禄天,760
981,六十餘洲,761
982,確蔵,762
983,福鶴,763
984,香露,764
985,れいざん,765
986,瑞鷹,766
988,千羽鶴,768
989,山水,769
990,倉光,770
991,一の井手,771
992,なごり雪,771
993,角の井,772
994,西の関,773
995,龍梅,774
996,和香牡丹,776
997,鷹来屋,777
998,豊潤,778
999,薫長,779
1000,八鹿,781
1001,千徳,782
1002,薩州正宗,783
1003,南,722
1004,砂潟,789
1005,三島文雄,818
1007,さぶろう,812
1009,初孫,114
1011,山居倉庫,789
1012,飛翔蔵,788
1013,養老酒造,831
1016,花菱,794
1019,醴泉,799
1020,貴,1039
1021,宝剣,832
1022,天青,1071
1024,磯丸,785
1026,ロ万,141
1027,三重錦,833
1029,菊鷹,834
1030,寿萬亀,795
1032,おめかし,480
1033,作,835
1034,老亀,836
1035,大雪渓,837
1037,大國,803
1038,勲泉,807
1039,鏡山,1033
1040,佐久乃花,984
1041,菊姫,342
1042,霧隠才蔵,838
1043,閃,332
1044,京女,809
1046,菜々,826
1047,十旭日,960
1048,風のまゝ,811
1052,一夜雫,784
1054,九条,535
1056,いたばし二輪草,796
1057,とんださけ,839
1061,石見銀山,840
1062,忠臣蔵,1093
1063,さなえ,102
1064,桃にごり,816
1066,黎明,1112
1067,蔵舞,841
1069,おんな泣かせ,437
1070,豊盃,922
1071,紗利,361
1073,流輝,1111
1075,蔵の真心,782
1079,一品,1161
1085,萬乗醸造,806
1087,協会八號酵母,674
1088,寿㐂心,695
1089,会州一,842
1090,ゆり,127
1092,齋彌酒造,788
1096,月弓,125
1100,山本,72
1101,篠峯,596
1108,藤居本家謹醸 御神酒,808
1109,与謝娘,843
1112,荘の郷,844
1114,マルト,803
1116,往馬,812
1117,黒鷹,812
1121,仙禽,1168
1122,カネナカ,1031
1123,黒兜,735
1124,長命泉 鑑評会受賞酒,795
1125,シャトー妙高,798
1126,巻機,285
1127,ちえびじん,767
1128,蒼空,1037
1129,越後おやじ,798
1131,華鳩,1132
1132,英君,1050
1134,せきのいち,845
1136,甲子,855
1138,三光正宗,1421
1139,一歩己,136
1144,撫瓜,804
1146,タクシードライバー,846
1149,実楽,811
1150,上善水如,798
1151,月桂冠,526
1155,松の司,847
1156,きりんざん,798
1157,八郷,814
1160,町田酒造,194
1162,琵琶のさざ浪,848
1164,あぶくま,1051
1166,松の寿,849
1168,安芸の国,817
1173,びびび。,850
1174,加賀ノ月,327
1175,風が吹く,851
1176,平野酒,810
1179,花陽浴,1121
1181,金龜,808
1183,森羅万象,792
1186,勇心,852
1187,村祐,1141
1188,凌駕,853
1189,宮の井,580
1190,一滴入魂,817
1191,早春,474
1193,竹林,1163
1200,稼ぎ頭,809
1208,鉾杉,807
1212,一喜,855
1213,八百萬,448
1215,初時雨,812
1216,辻善兵衛,856
1217,栄光冨士,857
1218,梅湧水,789
1219,ばくれん,105
1221,有加藤,857
1223,龍神,199
1224,ころとんのお酒,194
1225,酉与右衛門,28
1226,富久錦,573
1227,モヒカン娘,922
1228,ぴんくれいでい,824
1231,乙七,101
1232,Shangri-la,859
1234,曙,799
1235,純,292
1236,利休梅,810
1237,城巽菊,808
1239,日下無双,756
1240,切辛,600
1242,亀鶴,48
1244,喜祥,48
1245,初鮎,861
1246,鮎,861
1247,乾坤一,862
1248,金婚,887
1249,三輪の和,597
1251,國譲り,410
1252,黒耀,397
1253,田中六五,730
1254,百々登勢,344
1255,喜正,863
1256,本金,864
1257,三つ柏,298
1258,凛,1673
1259,能登誉,865
1260,九州菊,866
1261,残心,866
1264,寒紅梅,807
1265,千両男山,29
1266,ふわふわ,820
1267,昌和蔵,798
1269,口万,141
1270,蔵太鼓,790
1275,まる田,7
1276,無想剣,821
1277,Rissimo,809
1278,郷之誉,791
1279,富士錦,1358
1280,天功,788
1281,西條鶴,1146
1282,丈径,927
1283,船中八策,822
1290,白龍,867
1291,日の出,868
1292,日乃出,868
1293,藏王,869
1294,杣の天狗,500
1295,蕎麦の酒,790
1296,草木谷のしぶき,788
1299,千代鶴,870
1300,太刀山,871
1301,弥右衛門,133
1303,ひやおろし,846
1304,雪小町,790
1305,富久心,1556
1306,浪速正宗,872
1307,浪花正宗,873
1310,一人娘さやか,791
1312,五億年,821
1313,宝劔,817
1314,麓井の圓,789
1318,寿,789
1319,鉄砲隊,813
1324,央,126
1326,鳴海,1223
1328,北島,499
1329,I LOVE SUSHI,824
1330,ぴんくれでぃ,824
1332,勲碧,1507
1334,笑酒,824
1335,万齢,1413
1336,末鶴,824
1337,無風,411
1338,やまユ,76
1340,青煌,1052
1341,奈良万,790
1343,かほり鶴,818
1344,初緑,425
1347,提督,817
1349,総乃寒菊,874
1350,酔右衛門,28
1354,おっほー,786
1355,白うさぎ,785
1357,越乃輝虎,798
1359,福久美人,817
1360,福美人,1394
1362,夜半のみどり,809
1363,杜の蔵,823
1365,やまとしずく,69
1366,夏田冬蔵,788
1367,五十嵐,875
1370,貝がら節,814
1371,皆生温泉,814
1372,一博,1313
1375,竜乃涙,60
1376,美酒天寿,50
1378,しゅわりん,139
1379,白壁蔵,811
1380,木火土金水,379
1383,欅蔵,788
1384,白神,876
1386,すず音,45
1390,鷲の尾,1119
1392,承久の宴,815
1394,克正,1421
1395,淡墨桜,1159
1398,高津川,621
1399,烈,789
1400,死神,815
1403,なないろ桜,806
1408,深山,877
1411,北斗髄想 しずくどり,784
1417,ささ一,802
1418,ひるぜんの恵,816
1419,結人,186
1423,名城 銀次郎,811
1426,王祿,927
1427,岩の蔵,750
1429,雪中貯蔵,788
1430,古伊万里 前,757
1432,うまいがな,878
1433,鵬,618
1434,泉楽田いがった,790
1436,亀吉,18
1438,ちょっと雄町,789
1441,百歳,791
1442,パンダ姫のおもてなし,824
1443,鷹長,589
1444,黒松剣菱,564
1447,若波,729
1449,亀,452
1451,稲生,785
1452,大納川,879
1453,寒北斗,932
1454,ヨキトギ,510
1455,よえもん,28
1456,秩父錦,1122
1457,鳥取大砂丘,814
1458,加茂五葉,880
1460,酒蔵開放 しぼりたて生酒 吟醸,459
1462,Suginamiki,881
1463,御祖ほまれ,800
1464,睡龍,882
1465,枡々福々,349
1466,南部関,28
1467,船形山,532
1469,廣戸川,883
1470,星自慢,134
1471,掘井,24
1472,壺天,80
1474,角右衛門,58
1476,鳥飼,826
1477,綾部の四季,884
1478,北海熊ころり,784
1479,宮の松,885
1480,北あきた,788
1481,花邑,67
1482,亀齢,886
1483,屋守,887
1484,秋楽,888
1485,神のいたずら,667
1486,隠し剣,821
1487,鼎,397
1488,開春,889
1489,玉櫻,890
1491,京の夢,891
1495,酒一筋,892
1497,無瀬の浜亀,894
1498,桃川,12
1502,臥龍錦松,674
1504,萬年亀,823
1505,伊勢の白酒,482
1506,織姫の里,538
1509,甦る,789
1510,倭,584
1513,梅の宿,598
1514,凌雲,621
1515,こんな夜に…,389
1517,穏,123
1519,モンスーン,808
1520,直,499
1522,真稜,250
1524,福田,763
1525,辨天,798
1526,辨天,789
1527,隆,237
1529,燦水木,896
1530,いち辛,603
1533,鰊御殿,3
1534,喜多屋,737
1535,福ふくろう。,796
1537,浪の音,497
1538,飛び切り,420
1539,飛切り,420
1540,19歳の酒,897
1541,じゃんげ,297
1542,浜娘,898
1543,自然酒,123
1544,小夜衣,1296
1545,亀亀覇,500
1546,十酒,899
1548,龍澤,397
1549,しろき,344
1550,呼友,305
1552,美寿々,900
1553,十文字,70
1554,人生フルスイング,809
1555,外ヶ濱,16
1556,君萬代,901
1557,おしろい花,714
1559,神月,52
1561,洌,108
1562,北の勝,902
1563,金滴彗星,1
1564,結ゆい,903
1565,文楽,1673
1566,竹の園,904
1567,月不見の池,906
1570,塩ゆず酒,499
1573,香取,218
1577,月うさぎ,598
1578,豊香,403
1579,鶯雅,689
1581,ささにごり,228
1582,猫魔の雫,139
1583,菊正宗,910
1584,残草蓬莱,235
1585,千福,911
1586,農口,912
1588,西之門,913
1596,雲山,913
1597,金鵄正宗,533
1599,スクウェア・ワン,917
1602,松浦一,919
1605,じょっぱり,921
1606,ん,922
1607,一ノ蔵,45
1610,さとこのお酒,606
1611,二世古,923
1613,田村,123
1614,辰,120
1615,辰泉,120
1616,冩楽,130
1617,佐藤卯兵衛,76
1618,越乃福梅,281
1619,わかむすめ,924
1620,射美,1280
1621,広島,925
1623,旭凰,817
1624,峡山河,926
1625,左多六,74
1626,辛丹波,972
1628,渓,927
1631,英,480
1632,楽々鶴,928
1633,姿,881
1636,初戎,929
1637,博多百年蔵,746
1639,非売品の酒,431
1640,みずの光彩,930
1641,きたのはな,134
1642,會津,144
1643,日乃出鶴,931
1644,ねぶた,12
1646,えんぶり,10
1647,玉の井,932
1651,でんべえ梅酒,934
1652,雪中美人,6
1653,号外,58
1654,静熟,2
1656,越の梅酒,243
1659,Highland,935
1661,ナイアガラ,936
1662,廣喜,937
1663,Yamatoya Zennai,939
1664,薩摩一,940
1667,はつもみぢ,818
1668,関娘,941
1669,さ々一,379
1670,豊圀,136
1671,松みどり,942
1672,中甼,943
1674,球磨拳,944
1676,今の浦,945
1677,泉橋,231
1678,國,132
1679,國権,132
1680,美濃国 大垣城,946
1681,仙介,947
1682,かたの桜,538
1683,稲里,948
1684,金戎,691
1688,会津娘,949
1691,いそのさわ,823
1692,afs,223
1693,匠伝醸,811
1695,満天星,618
1698,百十郎,951
1700,陸奥男山,10
1702,初汲み51,431
1703,遊花,750
1708,十右衛門,887
1709,勝駒,953
1710,旭若松,954
1711,東力士,955
1712,米代,61
1713,USUKI,771
1714,磐城寿,956
1716,無冠帝,798
1717,紀伊国屋文左衛門,957
1718,錦,674
1719,至,250
1720,Kawanakajima,387
1721,初霞,882
1722,門外不出,176
1724,塔の沢,1071
1726,純米大吟醸,959
1727,越後加茂雪椿,288
1729,川亀,961
1730,森の菊川,962
1731,深山菊,963
1732,ソガペール エ フィス,893
1733,砂金,964
1735,菊盛,965
1736,すずろ,572
1737,雪美人,265
1738,御所泉,966
1740,清鶴,967
1745,たかの井,244
1746,旦,379
1747,六根,13
1748,木祖地,896
1749,山桜桃,152
1750,豊の梅,968
1751,泉川,135
1752,清川,969
1753,正宗,910
1754,たかちよ,285
1755,山城屋,279
1756,金龍,45
1757,武勇,163
1758,酔仙,31
1762,八千代桜,224
1763,萬年雪,970
1764,加賀の井,971
1765,ワンカップ®,972
1766,伊根満開,537
1767,近江藤兵衛,973
1768,宗政,974
1769,佐々成政,321
1770,佐々成政の隠し酒,321
1772,松乃井,853
1773,御山杉,975
1776,警視庁,796
1778,七重郎,976
1781,萩錦,977
1782,峰の,939
1783,峰の雪,939
1784,信濃鶴,978
1785,Bange Yamada Hanjukunama,126
1786,雪の十和田,61
1787,小倉山,791
1788,ふじほの香,448
1789,山の井,144
1791,あずまみね,786
1792,越乃白雪,798
1793,鬼ころし,979
1794,北斗随想,7
1795,あかまる太郎,177
1796,上亀元,84
1799,龍神丸,980
1800,よねぎん,981
1801,千代緑,982
1802,苗加屋,324
1805,門傳,787
1807,桃花源,648
1808,鯵ヶ澤,985
1810,極,987
1811,金滴,1
1812,神雷,988
1814,北信流,989
1815,みやさか,395
1816,春酒,766
1819,天虹,991
1820,亀の海,992
1821,天仁,993
1822,勢正宗,994
1823,池月,995
1824,島屋,995
1825,笹がすみ,688
1826,北光,996
1829,松美酉,942
1830,上総の国 一ノ宮,997
1832,東鏡,222
1834,遊歩,800
1835,蒼斗七星,815
1836,榮万寿,793
1837,國香,998
1838,染櫻,999
1839,梅津,878
1841,越後,276
1843,Fu.,811
1844,富久娘,1000
1845,笹祝,269
1846,盛典,1001
1848,田中酒造,4
1849,どぶろく（紅）,4
1850,此君,1002
1851,八重垣,1003
1852,出雲誉,1004
1854,越,252
1855,丸にぼーいち,239
1856,十字旭日,960
1857,千代鶴,1005
1859,花てがみ,1001
1863,くらのおり酒,215
1865,杜氏の隠し酒,1006
1867,桜川,856
1868,加賀金沢紀行,336
1869,空,462
1870,請福 VINTAGE 30度,1007
1872,吟の瞳,737
1876,山古志,281
1877,越乃雪蔵,303
1879,錦上花,677
1880,東光梅酒,789
1881,豊祝,592
1882,あざくら,66
1883,花薫光,152
1884,16代九郎右衛門,803
1885,侍,5
1887,酔後知楽,509
1889,奥,453
1890,尾張男山,464
1891,開夏,179
1893,関東の華,1010
1895,鳩正宗,1763
1896,沙羅双樹,925
1898,吟遊詩人,789
1899,酒岳堂,1012
1900,三百年の掟やぶり,99
1904,羽陽一献,97
1905,すし屋の酒 粋心,74
1906,米鶴,102
1907,ひと夏の恋,42
1909,夏ヤゴ,231
1910,伝心,364
1911,誉池月,1013
1912,いきおいまさむね,1014
1913,GOZENSHU9,647
1915,夢,295
1917,吟醸 かぐや姫 生貯蔵酒,532
1919,二波山 松緑,1015
1920,パンダ出没注意,904
1921,白鴻,925
1922,夢醸,1016
1923,しみずの舞,56
1924,だちゅー,141
1925,北安大国,1017
1926,琥泉,947
1927,出世男,1018
1928,國稀,1019
1929,山和,1020
1930,智則,630
1931,博多練酒,934
1932,UK-01,598
1933,神蔵,514
1934,花火,698
1935,天晴,1071
1936,金色のしずく,344
1937,けんちの,387
1941,花の露,1021
1942,白隠正宗,918
1943,阿部勘,1022
1944,真名鶴,1023
1945,三車,416
1946,あづまみね,1024
1947,フモトヰ,103
1948,梵,920
1949,超久,957
1952,益荒男,800
1953,一代弥山,658
1955,東薫,1025
1956,御前酒,647
1957,武蔵国分寺,379
1958,菊日本,1026
1959,山陰東郷,1028
1963,櫛羅,596
1965,川鶴,692
1966,やまとそずく,1029
1967,吉田蔵,329
1968,光久,713
1969,紅龍,228
1973,曙光,1071
1974,中島屋,1031
1975,山の壽,916
1976,鬼山間,291
1977,雨過天青,1071
1979,ふるな,538
1980,長玲 禄,1032
1981,三田村,801
1982,夏どぶろっく,10
1984,富久福,903
1986,橅のしずく,665
1987,作田,15
1988,磐梯山,1034
1989,香住鶴,1035
1994,麹屋,745
1995,秋田杜氏,58
1997,積善,1038
1998,遊,200
1999,藤樹,509
2002,白神山地の四季,64
2004,徳明,1040
2005,媛一会,702
2006,福政宗,344
2007,舞姫,1041
2008,沢の鶴,576
2009,たれ口,1042
2010,金亀,501
2011,夏大吟,934
2012,神稲,1043
2014,虎穴,857
2018,谷櫻,1045
2019,おしゅん,105
2020,ビキニ娘,922
2021,節五郎 出品酒,308
2024,窓乃梅,1046
2025,櫻正宗,577
2033,一滴一涼,272
2035,楠神,691
2036,溝上酒造,733
2037,夢天心,733
2040,会津磐梯山,124
2042,たまか,792
2043,ゆず,598
2044,ゆず酒,598
2045,ブルーハワイ,72
2047,老松,1048
2048,菊石,1049
2054,天恩,1053
2055,お福政宗,281
2056,㐂久盛,846
2057,黄桜,1054
2058,Ice,516
2060,仁喜多津 大吟醸酒,711
2061,勝保,909
2066,喜久醉,443
2067,車坂,609
2068,九礼,720
2069,能古見,1055
2070,麓井,103
2071,奥丹波,1056
2072,金紋両國,48
2076,錦屋,787
2077,天穏,1057
2078,宵の月,33
2081,かっぱ,102
2082,夜明け前,1058
2084,さざなみ,1071
2085,閖,1059
2086,千代田蔵,1060
2087,朝日酒造,798
2088,得月,909
2090,生道井,1061
2091,片野桜,538
2093,愛醸一献,948
2095,鳳鳴,1062
2096,悠楽,1024
2103,道灌,1060
2104,大黒正宗,1063
2105,白珠,1064
2107,盛升,1065
2108,亀治好日,79
2110,島美人,546
2112,松竹梅 白壁蔵,1066
2114,本州一,1068
2115,馬酔木,871
2116,comica,788
2119,加賀梅酒,339
2120,吉野杉の樽酒,594
2121,如雨露,1069
2122,黄金澤,35
2123,夏呼の夢,35
2124,夏呼の酒,35
2125,鶯印のどぶろく,740
2126,長譽,987
2129,淡風,803
2131,かくれい,246
2132,仁淀ブルー,719
2133,寧音,895
2134,高麗王,1070
2135,麻輝,387
2136,Debut,934
2137,みねもと,1071
2140,Ｆｕ．,573
2146,黒伊佐錦,829
2149,丹澤山,237
2150,ささのは さらさら,102
2151,彌右衛門,133
2155,澪,1066
2158,十六代九郎右衛門,1076
2159,赤福助,111
2160,蝉,1077
2161,Type-FY2,729
2163,白嶽,1078
2164,東光吟醸梅酒,1079
2165,玉旭,1080
2167,焚火,453
2170,大海酒造,1081
2175,五十鈴川,481
2176,誉富士,1082
2180,十八盛,642
2182,あゆカップ,861
2183,アイスブレーカー,516
2189,清瀧,1083
2190,巌,185
2191,綿屋,1084
2194,颯,1085
2195,銅鑼美,903
2196,大地の虎,906
2198,吉壽,1086
2199,丸真政宗,226
2200,久美の浦,1087
2201,北勇,1088
2202,おしまこ美人,1088
2203,北限海峡,1088
2204,海峡浪漫,1088
2205,祈水,1088
2206,寒立馬,1088
2207,萬勝,759
2208,壽,907
2209,十和田 八幡平,74
2210,金雫,782
2213,浅芽生,808
2214,香の泉,498
2215,栗林,73
2218,萬燿,439
2221,讃美,1091
2222,空の鶴,1092
2223,呉春,540
2225,かまいたち,789
2231,金滴吟風,1
2232,鮎正宗,861
2233,下田美人,439
2234,無尽蔵,1094
2235,小富士,1095
2236,佐久佐,1003
2239,白隠政宗,918
2240,翠玉,67
2244,闘竜灘,569
2245,あきうまい,43
2246,感謝酒,1096
2247,亀岡,44
2248,京の香梅,532
2252,神結,569
2255,山吹極,1098
2256,金明,1075
2257,千代の園,1099
2259,葛根の花,1092
2260,甚五郎,963
2262,竹滴,1100
2263,金寳自然酒,123
2264,桜顔 楽歳,1101
2265,環日本海,1102
2269,愛海,713
2270,光正,42
2272,別嬪,79
2273,夏越酒,895
2275,さくら浪漫,1104
2276,北安大國,1017
2277,唯々,498
2281,松盛,1105
2282,ヤマサン正宗,1106
2283,貴仙寿,592
2286,坦庵,439
2287,雪花,510
2288,Wakanami Sparkling,729
2289,宝寿,657
2290,伯陽長,1108
2292,長久,957
2294,原田,1110
2295,吉田屋,886
2296,平井城,1111
2297,和田龍登水,394
2304,石のかんばせ,889
2305,喜久水,59
2306,神輿,572
2309,十一州,1113
2316,瀧澤,397
2317,ARROZ,1114
2319,環起,676
2321,つぐみ~継ぐ味~,224
2322,草津の宿,499
2323,和心,1115
2324,琵琶のささ浪,848
2327,清風,1019
2328,ダイヤ菊,952
2330,麗人,1116
2331,高天,1117
2332,北照 うすにごり本生,258
2333,碧の風,22
2335,米だけのやさしい思いやり,205
2336,スクエアワン,1118
2337,鴻山,1118
2338,白金,1118
2339,雪しずく,281
2340,なぶら,411
2341,喜楽里,980
2343,だぢゅー,141
2346,鳥海山,50
2347,大和の園,587
2349,Noname Irodori 紺碧,835
2351,Noname irodori 橙,472
2356,京の華,120
2358,農醸,78
2359,高砂,438
2363,白鷺の城,547
2364,越乃日本桜,267
2368,霞,1122
2369,縁喜,1123
2370,香り燗漫,1124
2371,瑞幸,126
2375,くろさわ,1164
2377,播州錦,1104
2378,気仙沼男山,46
2379,箱根薔薇,1125
2381,月の井,1126
2382,府中誉,154
2383,源平,1127
2386,杵の川,760
2388,かみなり三代,520
2389,造賀,653
2391,十九,1047
2392,初日正宗,1129
2393,雪紅梅,1129
2397,白影泉,580
2398,伊豆の里,439
2399,寛文の雫,889
2400,大正の鶴,1130
2401,宮泉,130
2402,どぶろく,1131
2403,どぶろく,1071
2404,八千万年の雫,1051
2405,碧龍,344
2407,大平山,52
2410,道灌正宗,1133
2411,さとこのこころ,606
2412,津島屋,432
2413,金蘭黒部,385
2415,くらしっく,1134
2416,磐乃井,1135
2417,嬉野酒,1136
2419,又兵衛,1137
2420,十五番,78
2421,賀茂輝,1138
2422,瞬喜道,794
2424,箱根山,1125
2425,梁山泊,397
2427,ぱんだ祭り,904
2431,キクマサピン,910
2432,東京駅ラベル,848
2434,雪猿,1123
2438,竹岡,217
2439,金次郎,554
2440,ももかわ,12
2441,初日の出,1139
2443,大法螺,6
2444,鮨びぃる,1140
2445,天馬,985
2449,桑の都,1142
2450,てふ,132
2452,亀の井,1143
2453,越の磯,801
2454,君の井,1279
2455,日本盛,567
2456,せきぜん,803
2457,ぼん,801
2458,菊勇,1144
2459,藤村のにごり酒,1145
2460,しゃばだ,3
2461,うとうと。,850
2462,米の精 雫,1146
2464,あらばしり,439
2465,パンダカップ,432
2466,紅葉姫,529
2469,樹里愛,781
2471,亮,942
2473,ふわふわ。,850
2474,小桜,86
2475,人魚の涙,846
2476,有末,846
2477,野恩,133
2478,喜平太,932
2480,さんやほう,434
2483,ヨーグルトのお酒,726
2484,malola,101
2486,清鷹,490
2487,伊予の薄墨桜,711
2491,武蔵の里,1150
2493,冬樹,1151
2497,麹だけでつくったあまさけ,273
2498,湯けむりの里,195
2500,天領盃,1152
2501,金水晶,1153
2502,玉の井,1154
2503,夢の香,976
2504,来楽,1155
2506,北窓三友,1119
2508,越の柏露,298
2510,倭小槌,1156
2511,かめぐち,228
2512,唯穂,532
2513,肥前蔵心,904
2514,鬼剣舞,846
2515,NAMIとUMI,48
2516,てんきゅう,980
2517,船尾灯,48
2518,展勝桜,846
2519,百姓おどり,846
2520,兵庫男山,554
2521,官兵衛,554
2522,ひやし銀八,554
2523,飲人不知,205
2524,一心伝,305
2525,通の酒,205
2526,JOSANEG生もと生原酒,103
2530,h(エイチ),1157
2531,仁四郎,1158
2532,雑賀,1074
2533,輪島物語,895
2535,山影純悦,445
2537,ひゃくじゅうろう,804
2538,MELLOW,157
2539,彩華,457
2540,久兵衛,1160
2542,酒炭酸,344
2543,飛騨路,1053
2544,寒紅梅の雫,1161
2545,作州武蔵,1115
2546,京生粋,535
2547,お酒の中で、あいましょ。,526
2548,COWBOY,252
2549,伝衛門,280
2550,節五郎 元禄酒,308
2556,醉翁,1162
2558,ささの舞,82
2559,五郎八,308
2560,雪っこ,31
2562,泡々酒,1163
2563,雪國,1164
2564,八石,1165
2565,京都伏見,520
2566,冬の月,648
2567,STARS,1166
2568,しもむら,580
2570,蔵人衆,784
2571,願人,252
2572,農産酒蔵,1163
2573,蔵元の隠し酒,431
2574,飛騨のどぶ,431
2577,慎太郎,727
2579,ソワニエ,1077
2580,越乃鹿六,1167
2581,霧降,1168
2583,フラスカティ,1147
2584,金鶴,1741
2585,丈,1169
2587,始禄,426
2589,ねね,677
2590,加賀山水,327
2591,ドルチェ・ブーケ,1168
2592,暑寒しずく,1019
2593,雪だるま,1168
2594,喜八,580
2599,玉風味,303
2600,守門の雪,303
2601,NEXT5,788
2602,赤武,898
2603,御湖鶴くろ,410
2604,ひと肌恋し,352
2605,通潤,1077
2606,朋,462
2607,ぎんます,133
2608,米だけの酒,576
2609,亀甲花菱,1170
2610,武蔵野,848
2611,蔵弥一,783
2612,夢窓,1171
2613,美少年,1172
2614,蔵王桜,590
2618,源作,874
2619,名称募集,1173
2620,金の井,1084
2621,民宿とおののどぶろく,1174
2622,御園竹,1064
2628,銀嶺雷鳥,316
2629,伊乎乃,244
2630,羽州乃杜,1175
2631,一摑,608
2632,くくみ酒,111
2634,初しぼり,188
2635,Bassyu,987
2641,歓びの泉,1176
2642,今小町,1177
2643,なまら超辛,1113
2646,北海熊古露里,784
2647,福司,1178
2649,濃醇魚沼,243
2650,高徳,1179
2651,神髄,1146
2652,ほでなす,1180
2653,太閤,1180
2656,豊明,1181
2658,三十六石蔵,662
2659,Stark Kaiser,368
2661,十二六,1064
2663,ぷちぷち,139
2665,大和屋善内,939
2666,スパークリング清酒,845
2667,男の友情,849
2668,舞桜,1183
2674,生酛のどぶ,882
2676,奥鹿,542
2678,長亨,68
2679,太陽,1043
2680,大虹,991
2681,吉乃川,259
2682,潟一,256
2683,ど,72
2684,勢起,383
2685,秋桜,817
2686,秋櫻,817
2687,黒ゆり,335
2689,SAKU13,1120
2690,桜うづまき,1184
2692,達磨正宗,1159
2693,広瀬川,248
2695,春團治,1185
2696,福乃酒,745
2699,それがし,133
2701,白玉香,223
2702,大地の夢,689
2704,北総三友,1119
2707,大雪,6
2708,夢名酒,825
2709,呉の太陽,832
2711,天賞,41
2713,九左衛門,256
2716,寒竹,1187
2719,桐の華,791
2723,御結,655
2724,マルヒ,68
2725,丸真正宗,226
2726,滝のしずく,827
2727,金鷹,827
2729,黒石やきそば酒,1188
2730,金鵄盛典,1001
2731,龍泉,1189
2732,美冨久,495
2734,甚七,1191
2735,国光,1134
2738,帝松,1192
2743,古醸美田,736
2744,黒鷲,786
2745,御苑,387
2746,酔狂河童,786
2747,千代壽,99
2748,戸隠,1193
2749,香月,398
2751,水のささやき,799
2753,伝兵衛,800
2755,白木久,1196
2756,吟凛,513
2757,天王山,532
2758,萬代,1100
2760,越後美人,1197
2762,十水,82
2763,長老,1198
2764,日光誉,1199
2765,岩清水,1200
2766,玉出泉,1158
2767,赤磐雄町,892
2769,一滴千山,946
2770,きのえね,855
2771,滄海,137
2775,欅,596
2776,持ち帰り酒,420
2778,聖泉,217
2779,醍醐のしずく,218
2780,ダルマ正宗,1159
2781,雪むかえ,94
2782,鷹山,1202
2783,渡辺あさ 山廃,431
2786,小国蔵 一本〆,1540
2787,春心 兼六桜,1204
2788,すみれ,784
2789,蜜酒の杯,1205
2790,五条大橋,1139
2791,真人,70
2792,あわっしゅ,261
2793,どぶろく,596
2795,長門峡,1206
2796,桜吹雪,667
2797,源兵衛の原酒,532
2799,へのへのもへじ,542
2800,古時計,1207
2804,虎之児,1208
2806,やんちゃ酒,424
2807,大関,972
2808,イセノハナ,835
2809,特撰 大吟醸,972
2810,信濃乃國,1210
2811,アルプス正宗,1209
2812,未来,500
2813,神開,1211
2815,KISS OF FIRE,800
2816,KISS of FIRE,800
2817,ブナの白神,985
2818,米だけの酒,195
2821,太一すっぴん,1212
2825,冨玲,878
2827,Eye collection,458
2828,加賀纏,344
2829,弥久,799
2830,華一風,1214
2832,粟島,276
2833,福禄寿,788
2835,仙亀,202
2836,宮水の郷,552
2840,をだえの橋,1215
2841,超濃厚いちごヨーグルト酒,42
2844,鳳瑞,3
2845,瑞泉 上撰,1513
2846,華鷹,778
2847,瑞泉 佳撰,1513
2848,慈空,1101
2849,南洲翁,659
2850,琴姫,942
2851,潮来,1217
2852,玄米酒,271
2854,鳳陽,1219
2856,米の絆,1220
2857,隆光,1192
2860,基峰鶴,1293
2861,凛美,555
2862,豪農の館,272
2867,黒とんぼ,231
2868,今朝しぼり,538
2869,極上ノ辛口 清酒 上撰15度,205
2870,元帥,1221
2871,山川流,713
2872,おかげさま,1222
2873,妙の花,480
2877,東灘,1223
2878,ほたる,793
2879,秀月,1224
2880,土手森,816
2881,古酒屋のひとりよがり,1225
2884,松の井,853
2885,筑紫の誉,1226
2897,底ぬけ,798
2898,木曽路,896
2900,紬美人,1227
2901,大平海,154
2902,千鳥正宗,1228
2904,梅津の生酛,878
2910,搾ったまんま,1145
2912,南遷,590
2913,木村式 奇跡のお酒,646
2915,Sensation 3 Black,496
2916,瀧鯉,58
2917,米しずく,372
2918,仙臺驛政宗,43
2919,奈良の八重桜,1229
2920,香梅,1202
2921,久米桜,1230
2924,久米仙一升瓶古酒35度,1231
2925,安東水軍,985
2926,杜氏の蔵隠し,99
2927,八代目藤兵衛,1232
2939,どぶろっく,10
2943,悪乃代官,1069
2947,百磐,1135
2954,山間,291
2955,幡随院長兵衛,1235
2959,花衣,1236
2963,金花水,804
2964,しろうま,1237
2965,神の井,1238
2971,奏,1241
2973,NEUF 2014,1242
2974,カフェSAKEしろいスパークリング,1054
2975,悠久の酒,1236
2977,姥捨正宗,408
2978,横笛,1243
2980,今朝しぼり,816
2981,太湖,1237
2985,今朝しぼり,508
2987,TERA,951
2988,幸之助院殿,787
2990,乙女,1093
2993,岩見辛口,840
2996,神戸さくら,577
2998,金滴北雫,1
3001,玉鋼,1244
3002,龍蟠,71
3004,大峰山,1245
3006,源,781
3008,但馬,1246
3009,KAKEYA,1004
3013,四季の箱根,942
3014,鹿蝦夷,937
3015,洒落衛門,721
3016,香佳鶴,1247
3017,逢醸,382
3018,のらくろの故郷,803
3019,幻の酒,382
3020,はこさけ一代,658
3023,白岳山,348
3025,花紋,1249
3026,出世城,1234
3027,まいん,563
3028,ヌップシル,59
3029,桜玉,1220
3030,杉能舎,1250
3031,千年乃松,1251
3033,祇園物語,513
3034,小むらさき,790
3035,金鹿,972
3037,寒菊 どぶろく 銀八,874
3039,上田獅子,394
3040,博多一本〆,745
3041,祟薫,766
3042,熟露枯,955
3043,京絵巻 京の吟醸,532
3044,ichi椿,338
3045,谷泉,1252
3046,越の雫,372
3047,加茂福,1069
3048,白鹿,572
3049,なま生,381
3050,蔵出し,381
3051,琵琶の長寿,914
3052,空蔵,1253
3054,鷹正宗,1254
3058,ぎんから,887
3061,富美川,1255
3062,ラシャンテ,71
3063,おりがらみ 桜ラベル,426
3065,どぶきゅーる,1174
3067,城下町小幡,195
3068,rue Gauche,806
3069,淡雪,574
3071,山清,803
3072,居谷里,1017
3073,大いばり,1256
3074,ささにごり,420
3075,めぐる,1257
3077,美保,620
3078,立山,320
3081,酒有夢,809
3082,蘇望,1099
3084,ゆめほたる,1158
3086,大吟醸 祝,533
3087,夢とまぼろしの物語,1258
3088,ショコラとよく合うお酒,563
3089,若乃井,1259
3090,光武,751
3091,越乃黒鷹,298
3093,玄米酒,1260
3096,朱雀門,592
3097,開花宣言,179
3098,白滴,601
3101,鶯咲,1096
3104,Ryon,884
3105,梅ぷち,139
3106,賜冠,1261
3107,ゆず酒,726
3109,KONISHI大吟醸冷しぼり,563
3111,葵鶴,1262
3112,博多の森,1100
3113,菅名岳,803
3115,拈華微笑,655
3116,郷の清水,73
3117,鬼虎,812
3118,本陣,930
3119,春田打,409
3121,洛中,535
3124,如空,14
3125,三重大学,479
3126,ジャポン,1263
3128,加茂緑,1163
3129,しこたま,1264
3133,幸福,789
3138,織星,1266
3139,藍の郷,1121
3141,Michelle,384
3146,天墜,400
3147,金紋,205
3150,松の翆,1268
3153,翠露,1041
3154,しろくま 冬のうすにごり,479
3158,9 NINE,647
3159,互,803
3160,信濃屋 嘉平,402
3161,猫芸者,379
3162,壺中春,790
3164,ORIGIN FIVE TYPE J,816
3172,Espoir,42
3174,林,318
3180,さわ音,229
3181,関山,786
3182,駿,823
3184,氷粋,1270
3185,天覧山,875
3186,夛賀多,31
3188,清盛,1132
3191,とんばら,1271
3194,四季咲,812
3196,Kaori Junmai Ginjo,1272
3198,思手成し酒,42
3200,米宗,1273
3201,近江米のしずく,499
3202,道灌,1133
3203,志のぶ,745
3204,白嶺,529
3205,すだち冷酒,910
3206,千代大和,812
3207,大和の清酒,812
3208,しげます 大吟醸生原酒,745
3210,明日の日本を語る酒,790
3211,百十五,790
3212,波乃音,808
3214,越乃八豊,255
3216,泉,800
3218,LACHAMTE,71
3219,Aisansan Jyunmai,698
3221,清酒タイガース,552
3222,隠岐誉,1276
3224,吟醸酒湘南,1071
3226,田中農場,814
3227,大雪峡,803
3230,出羽の里,857
3232,筍,934
3235,あべ,1267
3236,かわつる,820
3237,越天翔,798
3239,善光寺秘蔵酒,383
3240,桂正宗,387
3241,恋をするたびに…第2話とどかぬ想い,496
3242,みむろ杉,600
3244,ゆり,344
3245,椿姫の伝説,1277
3247,玉柏,804
3248,さすけね,790
3249,会津錦,790
3251,Yume wa Masayume,920
3252,純,1088
3254,永寳屋,127
3255,海風土,661
3257,鼓山,167
3259,恵信,1279
3261,しぼったまんま,1116
3263,慶樹,1280
3266,縄文明水,15
3267,たけのそのパンダフェスティバル,904
3268,一蕾,822
3269,Nigori Genshu,12
3272,おがわの自然酒,1281
3273,聖火,1010
3274,酒造の晩酌にごり酒,804
3275,甚,800
3276,どすこい誉,480
3277,巖,185
3278,をぐり,231
3279,千年の昔,535
3280,花洛,518
3281,帰山,1145
3282,覇者,293
3283,翁鶴,1282
3284,武蔵乃里,1150
3285,雫滴,1114
3287,東魁盛,1473
3289,千羽鶴,554
3290,いいで,149
3291,熊野川,602
3292,純青,573
3293,おちょこで日本酒（PONSHU）,526
3294,もりおか すぱぁくりんぐ,1101
3296,鬼乙女,437
3297,胡春,689
3298,松尾,1193
3299,花柳界,260
3300,魔愚魔,157
3303,朝日榮,1284
3304,かもみどり,816
3307,どくれ,822
3308,翆露,1041
3309,金紋会津,790
3310,神の光,930
3311,宮寒梅,1096
3313,高村桂,1141
3314,鴻城乃誉,1285
3315,千代乃花,1280
3316,ねのひ,1286
3317,夏の戯れ,518
3319,龍が沢,131
3320,夜の帝王,657
3322,ウイスキー樽で貯蔵した日本酒。,284
3323,本家松浦,819
3324,無濾過生 春露 緑ラベル,73
3325,ずZOOっと旭山,6
3326,シャムロック,846
3327,強力,1230
3328,夏の想い出,537
3329,香薫光,152
3330,かねたまる,171
3331,江向,1256
3332,炙りいりこ酒,692
3334,博多の華,823
3335,陸奥田心,10
3336,建都,528
3338,七冠馬,1244
3340,綾瀬鶴,1083
3341,夢酔月,133
3344,遥香,139
3345,肥前浜宿,1287
3346,ＳＧ,792
3347,越し魂,798
3348,assemblage,803
3349,大虎,789
3350,参宮,1289
3351,奥鹿之助,542
3352,有薫,1090
3353,半田郷,457
3354,紀風,604
3355,源じいの森,866
3357,長兵衛,785
3358,薄桜,1291
3359,辻風,856
3360,魯山人,536
3361,ラ シャンテ,788
3362,神韻,587
3363,大慶,800
3364,鴻臚館,1021
3366,礼,72
3367,谷風,39
3368,艶,920
3369,純真無垢,813
3370,DATE SEVEN,1020
3371,i'm sake Rock,495
3372,能登乃国,334
3373,かぶとむし,1168
3375,Snow drop,790
3379,華鷹,777
3380,直虎,402
3381,石背,883
3383,スーパーくどき上手,105
3385,耶馬寒梅,1157
3386,箱根街道,1012
3388,諏訪の花火,803
3389,春の光,850
3390,ふふふ。,850
3392,七郎兵衛,1294
3393,COOL DOWN,1074
3394,ささのはさらさら,102
3395,黒澤,1164
3396,猿庫の泉,390
3398,菊美人,1295
3400,今代司,260
3401,夢は正夢,920
3402,長珍,1032
3403,森本,1296
3406,加茂鶴,817
3407,天蛙,788
3408,萬代芳,851
3410,國乃長,839
3411,裏死神,1069
3415,堀米,24
3417,湘南,1071
3418,純平,720
3419,海山のめぐみ 青,606
3420,利根錦,1298
3422,鎌倉栞,1071
3423,大学生の純米大吟醸,42
3424,比良松,743
3431,蓬莱鶴,1300
3432,栃茜,1301
3434,あわ咲き,568
3435,光節,67
3436,十口万,118
3438,若の壽,934
3439,飯豊山,789
3440,玉柏,817
3441,酒天童子 夏,529
3444,飛騨の冷酒,424
3446,旭興,1303
3447,みゃあらくもん,325
3449,酒は楽しく,228
3450,一楽,305
3451,純にして醇,817
3453,美富久,808
3454,可也,745
3457,鯵ケ澤,985
3458,結の香,25
3461,うぐいすの囀り,802
3462,三日踊,981
3463,忠愛,1255
3465,華泉,1241
3467,さらしな,531
3468,月の詩,518
3471,御用邸,792
3473,福無量,803
3474,ピアノ,1054
3475,伊勢正宗,470
3476,美波太平洋,1304
3477,妙花闌曲,119
3478,鷹の夢,1305
3479,ぶなの雫,790
3480,青斗七星,1307
3481,おもてなし,788
3482,夢心地,790
3483,Honjozo Nigori Sake,643
3485,鈿女,1309
3486,夢の中まで,782
3489,善哉 辛口,943
3490,秘,744
3492,つきのひかり,823
3496,雪下香梅,798
3497,盛田,1286
3498,桂月,1310
3499,午前酒,647
3501,雪姫,93
3502,Chateau GACKT SAKE,787
3503,蒲原,239
3504,華しずく,766
3506,純米,1311
3507,豪快,525
3508,通,801
3509,雄東正宗,180
3510,NEXT FIVE 2015 ENTER SAKE,788
3511,酒宴楽園 パラダイ酒,218
3513,木桶仕込,218
3514,渚紗,253
3515,寿月,1312
3517,彦市,1126
3519,一期一会,375
3521,瀧鯉,577
3522,秀一,1313
3523,大賀,1158
3525,夏酒,766
3526,琥珀の贅沢 濃醇甘口,811
3527,#03:Low alc 12,598
3530,富士のかさ雲,1315
3532,西堀,792
3533,三米八旨,1096
3534,加茂錦,294
3536,青嵐,387
3538,酒類総合研究所,817
3539,初桜酒造,1316
3540,万葉の和歌鶴,813
3541,裸島,1317
3542,葉山醴泉,109
3543,ゆふいんの森,781
3545,神心,648
3547,初緑,1030
3549,払田の柵,69
3550,藤娘,1318
3552,美潮,721
3553,喜一,1319
3555,浅茅生,1320
3557,報徳娘,237
3559,ひや酒,255
3560,鷗樹,180
3561,浅間嶽,388
3562,月吉野,1321
3563,葛飾の花,1322
3564,久比岐,304
3565,清須,979
3566,life,804
3567,横山五十,762
3569,あいづ,787
3571,若竹,437
3572,滝桜,790
3575,寿山,168
3576,上澄,891
3577,初鶯,1120
3578,空木,42
3579,綾菊,1325
3581,大嶺,1326
3582,尾根桜,1142
3583,秘幻,187
3584,俊也,235
3585,草津節,187
3586,呑美多,903
3587,アウトレット,846
3588,鬼夜叉,242
3590,瀧嵐,1327
3591,老松,1328
3592,ゆず酒,48
3593,飛龍,42
3596,アンブレヴェ,1289
3597,花の香,1140
3601,山鶴,1330
3602,八王,315
3604,ふた穂,594
3605,赤ベコカップ,131
3609,菊,182
3610,遠藤,402
3612,琵琶の神龍,1331
3615,みずかがみ,908
3616,若竹屋,934
3617,一、,934
3618,中秋の風花,84
3620,高正宗,1276
3621,和の月,1126
3623,淡薫泡,1126
3624,泉,811
3625,湖弧艪,1133
3626,隠岐の海,1276
3627,奥能登の白菊,895
3628,やまだ,1333
3629,喜多の華,134
3634,鯛より,1126
3635,花の慶次,1079
3638,山の神,594
3643,金紋秋田,1337
3645,とくまる,1220
3646,摂田屋,259
3648,竹林郡虎,1263
3650,枡川,1338
3652,Bucu,573
3656,桂利奈,1126
3657,美穂,661
3660,角ノ井,772
3663,弥栄鶴,841
3664,尾浦城,92
3665,もったいない最後の一雫,826
3666,明尽,498
3667,紀勢鶴,980
3668,大治郎,897
3669,長命泉,1339
3670,夫婦杉,1340
3671,花鳥末廣,1341
3672,旭龍,1342
3673,櫻一文字,1343
3674,杜氏鑑,574
3675,白炎,418
3677,木曽三川,1344
3678,gin,806
3679,千歳鶴,1113
3680,杜太,668
3681,龍飛,921
3686,両國,48
3687,望,1474
3693,さんずい,798
3696,雑賀の郷,1074
3697,筑後川,1345
3698,森乃舞雪,798
3704,聖,1010
3705,福袋,516
3706,初緑,1181
3708,旭正宗,1346
3709,まると,1164
3710,稲花,997
3711,和泉屋市平衛,68
3714,神杉,1347
3715,健誠,1181
3716,Demon Killer,1348
3717,陣屋,1440
3721,古手屋,823
3722,信州亀齢,990
3724,曙,790
3725,大唐津,1067
3727,喜久盛,846
3729,吟の舞,226
3731,じゃごたろ,53
3736,花めくすず音,45
3737,女城主,1349
3738,あなぜ,513
3740,天栄山,1312
3741,Matsu no Midori,513
3742,勝鹿,1350
3743,和韻,1351
3744,銀シャリ,1196
3745,どむろく,402
3746,長兵衛,972
3747,白狼,1352
3748,風のまヽ,555
3749,陸 純米大吟醸 阿波山田錦,237
3750,八幡川,854
3751,東長,1353
3752,桜弥山,658
3754,？？？,194
3755,山間 六号,291
3756,北の錦 真冬詰 大吟醸,7
3757,雨後の月 十三夜,660
3758,ミラクルわかざかり,792
3759,ながつた宿,1144
3760,ひのくち,390
3763,八鹿 秋の純米酒 ひやおろし,781
3764,宗麟,1354
3765,濁酒(赤),1355
3767,富豪の泉,1356
3769,にごり酒,781
3770,濁河,804
3771,袋しぼり,1173
3772,杜の白菊,32
3773,桶出,294
3775,伯楽星   特別純米  限定,787
3776,水尾,1357
3777,花 野可勢,395
3779,はこね,1358
3782,仙台驛政宗,43
3784,菱正宗,1094
3785,南郷,1322
3786,出羽の冨士,1359
3787,深山桜,393
3788,ささまさむね,151
3789,凡愚,794
3791,佛米！夢乃酒,518
3793,出羽の富士,1359
3794,井筒長,1164
3795,貴一本,839
3796,北の大志,1113
3797,萩丸,45
3798,Again,45
3799,Madena,45
3800,仁科誉,1033
3802,森泉,1360
3803,森泉 甘酸美味,1360
3804,京のひやおろし,513
3805,夢筺,462
3807,Monsoon,496
3808,Masterpiece,496
3809,崇薫,766
3810,遊穂の湯〜ほっ。,333
3811,祝,513
3812,福のしずく,508
3815,尾根越えて,701
3816,量り売り原酒,513
3817,匠,520
3818,hajime,844
3819,瑞穂黒松剣菱,564
3820,山名,1056
3821,Ginga Shuzuku,784
3822,逆さ富士,1358
3823,片野桜 えむ,538
3824,静の桜,399
3830,宵の洛山,535
3832,旭の出の勢,994
3834,旭の出乃勢正宗,994
3835,木曽路 三割麹,896
3836,さくらかおるにごり酒,5
3837,ozu,572
3838,舞鶴,529
3839,嵯峨紅梅,518
3840,京の花咲爺,535
3841,一の矢,744
3842,名誉北洋,314
3843,吟雅凛匠,82
3844,富乃司,513
3845,祝蔵舞,841
3849,千代の縁,1361
3850,呑切り,535
3851,四季の松島,1022
3852,北の丸,998
3853,北国街道,1362
3858,二才の醸,1181
3862,北光正宗,1363
3865,寳娘蔵出し原酒,811
3866,忍者,475
3867,出世男 大吟醸,1018
3868,にごり酒　原酒,808
3870,清洲城 信長 しぼりたて,979
3871,超濃厚ヨーグルト酒,42
3872,しぼりたて生原酒,531
3873,壱醸,1365
3879,相模屋旅館,1153
3882,燗なら俺にまかせろ。,668
3883,一生幸福,789
3884,玄宰,139
3886,奥吉川,811
3887,氣仙,786
3889,信州醇,803
3891,鷹取,809
3892,純米大吟醸はつしぼり,462
3893,Mr.Summer Time,1096
3894,sweet fish,798
3895,京姫 匠,520
3896,湖,497
3899,鬼熊,581
3900,鹿,542
3901,越後杜氏直伝 純米酒 丸米仕込,1220
3902,旭扇,26
3903,蔵子,921
3904,三春駒,1324
3905,無尽蔵,803
3909,菊乃井,1188
3911,伊豆山々,1358
3912,千代菊,433
3913,紀ノ酒,813
3914,トップ水雷,614
3915,蔵人しかのめぬ新酒,431
3916,風の宮,481
3917,拾壱萬石,215
3918,カワセミの旅,257
3920,小冨士 超辛口,1095
3921,小冨士,821
3922,西条鶴,817
3924,鉄楽人,598
3925,薄櫻,973
3926,雪のひとりごと,341
3927,団,920
3930,久保田 紅寿,798
3932,虎太郎,247
3934,虎七郎,247
3935,魔界への誘い,751
3937,桜美酒,1211
3938,神開  花 にごり 桜美酒,1211
3941,龍の鼓動 特別純米酒,811
3942,義俠,461
3947,五風十雨,788
3948,京乃辛口,518
3949,虎舞,22
3951,醉泉,1367
3952,666,846
3954,水神,26
3956,名もなき酒,532
3963,水鳥記,48
3965,比良の誉,500
3966,倭姫,812
3970,さいか,813
3979,笑亀,1369
3981,一刀両断,707
3982,Lapis Lazuli,457
3984,名誉冠,809
3991,浜福鶴,1253
3992,毛利公,1272
3996,亀の王,312
4002,浦安の夢,795
4009,魚沼で候,273
4010,蔵人,785
4015,竜巻,1029
4018,飛騨娘,1371
4021,越の日本桜,267
4022,numero6,803
4024,天狗のどぶろく,205
4026,津山,52
4028,三河武士,987
4032,小樽の女,1373
4033,亀齢萬年,886
4035,月の観音,1374
4036,衣が浦若水,1061
4037,睦鳥,1745
4039,葵天下,1375
4045,恵那山,1376
4046,越の六角,271
4048,伏見の竜馬,1054
4050,旭日,1377
4051,掌玉,126
4055,山陽鶴,1378
4056,日南娘,1379
4057,残響,787
4059,しぼったそのまま一番酒,908
4061,麹屋友七,1217
4063,みのわ,1289
4067,若鮎物語,95
4069,ぬぐだ丸,788
4070,KONISHI,563
4071,呉の星,817
4073,笑ふ門,608
4081,萩の白露,49
4083,九,1167
4090,佐州正宗,299
4092,奏雨,1023
4093,蔵出し原酒,26
4098,杜氏酒向,432
4100,尊皇,453
4103,一辛,1380
4108,栄万寿,1381
4109,倶知安,784
4110,峰松,1287
4111,嬉長,1382
4112,斬,1214
4113,加賀美人,329
4116,長良川,435
4117,能登路,336
4125,APPLE PRINCESS,217
4126,松嶺の富士,106
4127,青嶺,789
4128,電光石火,1384
4132,Ohmine Junmai,1326
4138,どぶろく,955
4140,益々繁盛,386
4144,尾瀬の雫,198
4148,ロイファー・1,657
4151,蔵楽,1146
4153,路上有花 葵,559
4154,土耕ん醸,956
4155,幸運,1239
4156,彩葉,599
4160,亀田三昧,242
4162,どぶろく,457
4164,萬歳,806
4172,みやこつる,522
4173,多賀治,642
4176,百姓物語,1164
4179,壱九禄○,61
4183,温州みかん酒,661
4184,吉兆貞翁,417
4192,めでたの申,518
4194,零の雫,344
4195,二兎,987
4196,びほろ,4
4198,かほり,1388
4199,本荘,51
4201,二代目秘田,133
4202,母情,1386
4204,おれの酒,1387
4206,京都千年,531
4207,生なま,572
4208,おづ,572
4211,ほろ酔いだんだん,1307
4218,姥捨政宗,803
4219,濱嶋,1286
4222,縄文の宴,95
4226,日本一,752
4230,開花,179
4246,柏盛,1390
4247,咲耶美,196
4254,石田,370
4255,米きち,1220
4258,苗場山,1391
4259,豊龍,789
4260,Yuzu Omoi,532
4261,明蜂 㐂久盛,397
4264,明石鯛,1392
4267,登龍,1393
4271,阿吽,497
4276,気仙沼男山 梅酒,46
4277,無,1003
4278,BaSaRa,916
4280,幻のしずく,793
4283,千曲錦,1145
4286,神力,1395
4289,鸞,1286
4291,智慧の水,351
4299,我が天下,348
4304,福うづまき,1184
4305,越乃滴,297
4312,東の麓,1368
4326,初花,1397
4390,泰斗,1099
4439,御慶事,1403
4558,越の一,1832
4611,吉の川,1128
4831,鈴正宗,1435
5015,かっぱの純米吟醸,1071
5364,きびの吟風,1700
5830,八王子城,1142
6558,江戸開城,1499
6574,珠韻,104
6634,NAMI,1831
6674,花越路,1141
6705,山川光男,1529
6800,松花鶴,1533
6801,乗丹坊,1034
6839,三好,1535
7142,桜顔,1101
7308,水府自慢,167
7548,羽水,1168
7873,尾張小町,806
7920,天弓,1368
7946,無想,258
7994,今西,600
8393,凛,144
8394,理可,840
8395,高垣,980
8396,のの,677
8397,NAO,653
8398,かれん,295
8607,春心,1204
8621,吾有事,1613
8685,上川大雪,1585
8725,燦爛,1474
9517,岩手誉,1514
9767,NOTO,332
9780,加賀吟醸,327
9941,高砂,488
10823,三春五万石,1324
10872,楽器正宗,148
12014,天乃原,1840
12119,農口尚彦研究所,1629
12637,明乃鶴,1851
13013,白米城,1855
13032,こっそり,327
13491,全黒,1759
13892,新聞の酒,397
14134,忍者,1436
14452,WAKAZE,1812
14953,神川,1585
14995,倉本,1550
15162,土田,189
16334,池錦,1527
17000,花笑み,1837
17312,菊盛,1574
17557,金鳳,1853
17922,真珠のときめき,1870
18037,風の里,1839
18590,揖斐川,1280
18612,豪酒,1821
18613,MIRU,1822
18614,KIKU,1822
18615,FIZU,1822
18616,SUMI,1822
18617,KUMO,1822
18618,L’AUBE,1823
18619,LA VAGUE,1823
18620,LE VENT,1823
18621,LE TONNERRE,1823
18622,ABRICOT,1823
18624,OSAKE,1825
18625,Yu,1826
18626,YK3 Canada,1826
18627,タホマフジ,1827
18628,Sequoia,1828
18629,Den,1829
18630,図南鳳翼,1830
18829,re:echo,750
19567,光栄菊,1836
20824,風翠,875
22756,ふくしま春空,118
23993,会津士魂,125
25669,WAKAZE,1848
27164,ハナグモリ,1841
27334,武士心,1842
27502,天賦,1844
27505,若葉,1256
27560,どぶろく,1845
27655,宮乃舞,1846
28029,二人舞台,1847
28404,酒峰加越,327
29438,出世毘沙門天王,1849
30227,天美,1850
31938,森嶋,159
31939,天下錦,1460
32118,彩來,1673
32457,天花,879
33447,菱湖,1596
34324,雅楽代,1152
34724,御湖鶴（旧）,410
35287,杉乃井,1280
35681,郷宝,1857
36653,長瀞,1607
36654,彩のきずな,1607
36678,十一正宗,1329
37710,十勝,1585
37850,楽の世,1670
38872,福和蔵,1858
39164,HINEMOS,1859
39165,蜂龍盃,1493
40392,わ,1861
40447,三谷春,1863
40549,豊稔,1864
40604,Brooklyn Kura,1865
40606,Islander,1866
40608,絹の雫,1867
41485,名門,1870
41721,醸す森,1391
42112,よこやま,762
42260,七力,15
42473,松翁,1868
42474,鯉の勢,1869
43675,生粋左馬,1440
43968,飛鸞,1792
43969,フィランド,1792
44077,千利休,1465
44672,祐村,1141
44922,御殿桜,1715
44965,天赦,1870
45799,産土,1140
45805,吉田蔵u,329
46410,黒田武士,1520
46682,敷嶋,1871
46731,かち鶴,1872
46732,泰山,1873
46752,誠心,1874
46753,南郡,1874
47536,金銀花,1875
47537,金襴藤娘,1876
48326,八重菊,1877
48328,玉川,1878
48329,初鷹,1879
48330,日日 武者修行,1880
49260,藤乃井,1881
49330,W (ダブリュー),431
50043,能座ほまれ,1246
50044,但馬ほまれ,1246
50046,悠々知酔,1882
50048,稲とアガベ,1883
50495,志賀泉,407
50619,美人長,1580
51069,日日,1880
51338,富士大観,159
52815,寿々兜,1884
53059,le lac,399
53060,羽田,1139
53145,美濃錦,1885
53146,白雪姫,1885
53147,覚眠森水酒,1885
53148,清流の国,1885
53219,巖乃泉,1886
53486,金雀,1072
53566,初桜,1450
54657,Sho Chiku Bai,1889
54658,Gekkeikan,1890
55153,竹の露,100
55584,真壁,1891
55585,真上,1891
55593,夢月夜,709
56188,NEON,887
56450,湖濱,1237
56451,六瓢箪,1237
56452,生乍自由,1237
56593,みちのく鬼ころし,1219
56832,玉の雫,1892
56833,千姫,1893
56834,光圀,1893
56835,山笑,1177
57402,菊文明,1894
58195,無窮天穏,1057
58582,紫宙,937
59574,寿々乃井,1312
59656,善吉,405
60003,八恵久比岐,304
60496,彌彦,1239
60497,こしのはくせつ,1239
61442,UGO,660
61817,宣機の一本,243
62277,田中仙禽,730
62279,イットキー,303
62280,笹の川,146
64236,奥出雲前綿屋,1896
64513,越路乃紅梅,304
64670,十石,1898
66004,八甲田おろし,1763
66005,佐藤企,1763
66006,高砂,1899
66007,高砂金漿,1899
66397,雨降,1144
66443,豊久仁,137
66665,IWA5,1900
66997,帆波,314
67213,WAKAZO,26
67215,小国桜川,1901
67217,りんごぽむぽむ,14
67218,あおりんごぽむぽむ,14
67374,稲村屋,1188
67760,五稜,1585
67763,朔田,15
67765,さく田,15
67766,SAKUTA,15
67908,翔空,1902
68118,龍水泉,385
68505,岩豊,291
69046,七歩蛇,1540
69047,浦里,153
69048,岩木川,985
69049,彗,402
69486,三光,1421
69487,三光天賦,1421
69488,三光蛇形,1421
69509,ゆうま,1903
69950,鏡野,714
69951,narai,1904
69954,川中島幻舞,387
70446,三女子,1535
70448,阿武の鶴,1535
70449,讃岐くらうでぃ,692
71158,鳳凰,1556
71579,杜來,921
72187,日本魂,565
72254,伊勢旭,1905
72735,山三,1425
72736,真田六文銭,1425
72738,和饗,1369
72739,吉村,1369
73784,つきよしの,1321
